{"current":{"license_key":"3a97888659be9603d85ccdbec6e534b1","use_logo":true,"font_choice":"Lato-Oswald","use_wide_layout":false,"primary_color":"#de8686","secondary_color":"#c66565","bg_color":"#f0e4e4","main_nav_bg_color":"#e1b1b1","main_nav_link_color":"#473b3b","main_nav_link_hover_color":"#000000","primary_text_color":"#5f5555","secondary_text_color":"#d57070","link_color":"#727272","link_hover_color":"#000000","button_bg_color":"#f2da52","button_hover_bg_color":"#feb032","button_text_color":"#000000","secondary_button_bg_color":"#f2da52","secondary_button_hover_bg_color":"#feb032","secondary_button_text_color":"#000000","facebook_url":"https:\/\/www.facebook.com\/StickeeBra","twitter_url":"https:\/\/twitter.com\/StickeeBra","pinterest_url":"https:\/\/www.pinterest.com\/stickeebra\/","google_plus_url":"","instagram_url":"https:\/\/www.instagram.com\/stickeebra\/","youtube_url":"","store_slogan":"<strong>USA ABOVE $50, INTL ABOVE $100 = FREE SHIPPING!<\/strong>","use_header_flags":false,"use_header_flag_1":false,"flag_1_url":"","use_header_flag_2":false,"flag_2_url":"#","use_header_flag_3":false,"flag_3_url":"#","use_header_flag_4":false,"flag_4_url":"#","use_header_flag_5":false,"flag_5_url":"#","search_placeholder_text":"SEARCH OUR STORE","phone_headline":"Call Us @","store_phone":"+1-323-283-8611","main_nav_cta_text":"Join The Stickee Family","bold_main_nav_cta":true,"main_nav_cta_url":"https:\/\/stickeebra.com\/pages\/thank-you-for-your-interest-in-joining-the-stickee-family","main_nav_cta_js":"","header_code_injection":"","use_header_promo":true,"header_promo_link":"https:\/\/stickeebra.com\/pages\/how-to-stickee","header_promo_content":"Watch And Learn<strong> \"How To Stickee\"<\/strong> Here!","use_footer_social":true,"footer_use_facebook":true,"footer_use_twitter":true,"footer_use_pinterest":true,"footer_use_google_plus":false,"footer_use_instagram":true,"footer_use_youtube":false,"footer_nav_1":"footer","footer_nav_2":"footer-2","footer_nav_3":"footer-3","footer_tagline":"Questions? Let us help you:","footer_tagline_2":"1-323-283-8611","footer_copyright":"All rights reserved","body_code_injection":"","use_footer_promo":false,"footer_promo_link":"https:\/\/www.tryinteract.com\/share\/giveaway\/587368951227c0001145505d","footer_promo_heading":"Want to Win Cool Prizes?","footer_promo_sub_title":"","footer_promo_content":"Take A Selfie With Your Stickeebra and email to info@stickeebra.com for your chance to win!<br> Monthly winners selected!","promo_main_image_title":"Stickeebra contest","use_promo_slider_image_1":true,"use_promo_slider_image_2":true,"use_promo_slider_image_3":true,"use_promo_slider_image_4":true,"use_promo_slider_image_5":false,"use_promo_slider_image_6":true,"use_promo_slider_image_7":false,"use_promo_slider_image_8":false,"use_promo_slider_image_9":false,"use_promo_slider_image_10":false,"use_promo_slider_image_11":false,"use_promo_slider_image_12":false,"use_videos":true,"video_1_title":"<br>Jade's Testimonial","video_1_embed":"<script src=\"https:\/\/fast.wistia.com\/embed\/medias\/v30s6l3idl.jsonp\" async><\/script><script src=\"https:\/\/fast.wistia.com\/assets\/external\/E-v1.js\" async><\/script><div class=\"wistia_responsive_padding\" style=\"padding:100.0% 0 0 0;position:relative;\"><div class=\"wistia_responsive_wrapper\" style=\"height:100%;left:0;position:absolute;top:0;width:100%;\"><span class=\"wistia_embed wistia_async_v30s6l3idl popover=true popoverAnimateThumbnail=true videoFoam=true\" style=\"display:inline-block;height:100%;width:100%\"> <\/span><\/div><\/div>","video_2_title":"<br>Mama Eash","video_2_embed":"<script src=\"https:\/\/fast.wistia.com\/embed\/medias\/8ggw5uj577.jsonp\" async=\"\"><\/script><script src=\"https:\/\/fast.wistia.com\/assets\/external\/E-v1.js\" async=\"\"><\/script><div class=\"wistia_responsive_padding\" style=\"padding:100.0% 0 0 0;position:relative;\"><div class=\"wistia_responsive_wrapper\" style=\"height:100%;left:0;position:absolute;top:0;width:100%;\"><span class=\"wistia_embed wistia_async_8ggw5uj577 popover=true popoverAnimateThumbnail=true\" style=\"display: inline-block; height: 100%; width: 100%;\"> <\/span><\/div><\/div>","use_testimonies":true,"testimonies_title":"What people are saying about us..","testimonies_1":"<i> \"I bought a strapless bra for a certain dress, but it kept slipping down. Saw your ad for the Stickee bra and bought it. Problem solved -thank you! \"<\/i>","testimonies_1_author":"<b>Linda<\/b>","use_testimonie_logo_1":false,"testimonie_logo_1_alt":"Donna Image","testimonies_2":"<i> \" Actually love it! Comfortable enough to wear for my 11 hour workday and beyond. Looks nice under clothing of all kinds! No complaints here!\"<\/i>","testimonies_2_author":"<b>Beverly<\/b>","use_testimonie_logo_2":false,"testimonie_logo_2_alt":"Robin Image","testimonies_3":"<i> \"My everyday bra sometimes has straps that show if my neckline is wide. Also can't wear backless with a regular bra. No problem with this when I wear the Stickee! Yay!\"<\/i>","testimonies_3_author":"<b>Marianne<\/b>","use_testimonie_logo_3":false,"testimonie_logo_3_alt":"Bernadette Image","testimonies_4":"<i>\"After my double mastectomy and reconstruction surgery last year, I have tried well over 20 different bras but they have all been uncomfortable and I have had to go into the restroom at dinner, a wedding, church service and an airplane to remove my bra. I love the Stickeebra -- they are comfortable, don't have wires that dig in and allow me to wear shorts that I haven't been able to wear since my surgeries. Thank you!!\"<\/i>","testimonies_4_author":"<b>Kathleen<\/b>","use_testimonie_logo_4":false,"testimonie_logo_4_alt":"Joanna Image","use_footer_image_gallery":true,"footer_image_gallery_bg_color":"#f0e4e4","footer_image_gallery_content":"Want to Win Cool Prizes? <br> Take A Selfie With Your Stickeebra and Email to info@stickeebra.com for your chance to win!<br> Monthly winners selected!","footer_image_gallery_hover_text":"Win Now!","use_footer_image_gallery_image_1":true,"footer_image_gallery_link_1":"","use_footer_image_gallery_image_2":true,"footer_image_gallery_link_2":"","use_footer_image_gallery_image_3":true,"footer_image_gallery_link_3":"","use_footer_image_gallery_image_4":true,"footer_image_gallery_link_4":"","use_footer_image_gallery_image_5":false,"footer_image_gallery_link_5":"","use_footer_image_gallery_image_6":true,"footer_image_gallery_link_6":"","use_footer_image_gallery_image_7":true,"footer_image_gallery_link_7":"","use_footer_image_gallery_image_8":true,"footer_image_gallery_link_8":"","use_footer_image_gallery_image_9":true,"footer_image_gallery_link_9":"","use_footer_image_gallery_image_10":true,"footer_image_gallery_link_10":"","use_footer_image_gallery_image_11":true,"footer_image_gallery_link_11":"","use_footer_image_gallery_image_12":true,"footer_image_gallery_link_12":"","use_footer_image_gallery_image_13":true,"footer_image_gallery_link_13":"","use_footer_image_gallery_image_14":true,"footer_image_gallery_link_14":"","use_footer_image_gallery_image_15":true,"footer_image_gallery_link_15":"","use_footer_image_gallery_image_16":false,"footer_image_gallery_link_16":"","use_footer_image_gallery_image_17":false,"footer_image_gallery_link_17":"","use_footer_image_gallery_image_18":false,"footer_image_gallery_link_18":"","use_footer_image_gallery_image_19":false,"footer_image_gallery_link_19":"","use_footer_image_gallery_image_20":false,"footer_image_gallery_link_20":"","use_footer_image_gallery_image_21":false,"footer_image_gallery_link_21":"","use_footer_image_gallery_image_22":false,"footer_image_gallery_link_22":"","use_footer_image_gallery_image_23":false,"footer_image_gallery_link_23":"","use_footer_image_gallery_image_24":false,"footer_image_gallery_link_24":"","use_footer_image_gallery_image_25":false,"footer_image_gallery_link_25":"","use_footer_image_gallery_image_26":false,"footer_image_gallery_link_26":"","use_footer_image_gallery_image_27":false,"footer_image_gallery_link_27":"","use_footer_image_gallery_image_28":false,"footer_image_gallery_link_28":"","use_footer_press_slider":false,"footer_slider_headline":"Where you've seen us","use_footer_image_slider_image_1":true,"use_footer_image_slider_image_2":true,"use_footer_image_slider_image_3":true,"use_footer_image_slider_image_4":true,"use_footer_image_slider_image_5":true,"use_footer_image_slider_image_6":true,"use_footer_image_slider_image_7":true,"use_footer_image_slider_image_8":true,"use_footer_image_slider_image_9":true,"use_footer_image_slider_image_10":true,"use_footer_image_slider_image_11":false,"use_footer_image_slider_image_12":false,"use_footer_image_slider_image_13":false,"use_footer_image_slider_image_14":false,"use_footer_image_slider_image_15":false,"use_footer_cta":true,"footer_cta_1":"Stickee Is Always Caring, Always  Here!","footer_cta_2":"Join the <strong>Family<\/strong> for new videos, discount codes, and more!","footer_cta_button_text":"<font color=\"white\">JOIN THE STICKEE FAMILY<\/font>","footer_cta_button_url":"https:\/\/stickeebra.com\/pages\/thank-you-for-your-interest-in-joining-the-stickee-family","use_footer_logos":true,"use_footer_brand_1":true,"use_footer_brand_2":true,"use_footer_brand_3":true,"use_footer_brand_4":false,"use_footer_brand_5":true,"use_footer_brand_6":true,"use_footer_brand_7":true,"use_footer_brand_8":false,"use_footer_brand_9":false,"use_footer_brand_10":false,"use_footer_brand_11":true,"home_separator":true,"use_home_full_ad":true,"home_full_width_alt":"Stickeebra Store","home_full_width_URL":"https:\/\/goo.gl\/ZYBcCr","use_home_video_block":false,"home_video_embed":"<script src=\"\/\/fast.wistia.com\/embed\/medias\/9awlcukjvh.jsonp\" async><\/script><script src=\"\/\/fast.wistia.com\/assets\/external\/E-v1.js\" async><\/script><div class=\"wistia_responsive_padding\" style=\"padding:56.25% 0 0 0;position:relative;\"><div class=\"wistia_responsive_wrapper\" style=\"height:100%;left:0;position:absolute;top:0;width:100%;\"><div class=\"wistia_embed wistia_async_9awlcukjvh seo=false videoFoam=true\" style=\"height:100%;width:100%\"> <\/div><\/div><\/div>","use_home_image_block":true,"home_50_width_alt":"How To Stickee","home_50_width_URL":"https:\/\/stickeebra.com\/pages\/how-to-stickee","home_25_width_1_alt":"Test Your Knowledge","home_25_width_1_URL":"https:\/\/www.tryinteract.com\/share\/quiz\/58734e85b95632001104b697","home_25_width_2_alt":"Stickeebra Shop","home_25_width_2_URL":"https:\/\/stickeebra.com\/pages\/shipping-returns","use_home_links_section":false,"home_nav_1":"","home_nav_2":"main-menu","home_nav_3":"","home_nav_4":"main-menu","use_col_car_1":true,"col_car_title_1":"Stickee Collection","col_car_1":"stickeebra","use_col_car_2":false,"col_car_title_2":"Collection Carousel Title Two","col_car_2":"frontpage","use_trio_block":true,"trio_image_alt_1":"Women Don't Know Bras Are Hurting Their Breasts!","trio_image_url_1":"https:\/\/stickeebra.com\/blogs\/news\/women-dont-know-bras-are-hurting-their-breasts?utm_source=jon&utm_campaign=homepagearticlelink&utm_medium=stickeehomepage","trio_image_alt_2":"3 Essential Bra Tips","trio_image_url_2":"https:\/\/stickeebra.com\/blogs\/news\/3-essential-bra-tips-for-women-by-stickeebra-research-family?utm_source=jon&utm_campaign=homepagearticlelink&utm_medium=stickeehomepage","trio_image_alt_3":"Secret to Natural Lift and Support without a Bra","trio_image_url_3":"https:\/\/stickeebra.com\/blogs\/news\/secret-to-natural-lift-and-support-without-a-bra?utm_source=jon&utm_campaign=homepagearticlelink&utm_medium=stickeehomepage","use_trio_block_2":false,"trio_image_alt_4":"","trio_image_url_4":"","trio_image_alt_5":"","trio_image_url_5":"","trio_image_alt_6":"","trio_image_url_6":"","use_trio_block_3":false,"trio_alt_7":"","trio_image_url_7":"","trio_image_alt_8":"","trio_image_url_8":"","trio_image_alt_9":"","trio_image_url_9":"","use_home_content":true,"home_content":"always-caring-always-here","use_home_content_two":false,"home_content_two":"always-caring-always-here","use_collection_sidebar":false,"use_collection_top_image":false,"collection_top_image_alt":"","collection_top_image_URL":"","use_collection_bottom_image":false,"collection_bottom_image_alt":"","collection_bottom_image_URL":"","collection_use_filters":false,"collection_show_filter_type":true,"collection_filter_type_title":"Filter by Type:","collection_show_filter_vendor":true,"collection_filter_vendor_title":"Filter by Vendor:","collection_show_filter_price":true,"collection_filter_price_title":"Filter by Price:","collection_filter_by_price":"$0-$25,$25-$50,$50-$100,$100-$200,$200-$300","collection_show_filter_generic":true,"collection_filter_generic_title":"Filter By Color:","collection_filter_by_generic":"red,green,blue","collection_show_filter_generic_2":false,"collection_filter_generic_title_2":"Filter By Brand","collection_filter_by_generic_2":"BeeFriendly,Act Natural,Bee-autiful","collection_show_filter_generic_3":false,"collection_filter_generic_title_3":"","collection_filter_by_generic_3":"","collection_use_stackable_filters":false,"use_collection_banner":false,"use_second_cart_button":true,"use_quick_view":true,"use_video_gallery":true,"video_gallery_title":"Check Out What Our Customers Are Saying About Us!","use_related_products":true,"related_products_title":"You Might Also Like","text_under_variants":"FREE Shipping For All USA Orders Above $50 And INTL Orders Above $100!","in_stock_text":"In Stock","out_of_stock_text":"Out of Stock","out_of_stock_purchase":false,"few_left_in_stock_text":"Few Left!","few_left_in_stock_number":"7","product_image_link_color":"#e1b3b3","product_image_link_font_size":"18px","view_product_details":"","view_details_color":"#f4b8b8","product_code_injection":"","use_product_tabs":true,"tab_one_title":"Product Description","tab_two_title":"Shipping Information","tab_two_content":"<h3><span style=\"color: #ea9999;\"><strong>Shipping Information<\/strong><\/span><\/h3>\n\n<ul>\n<li>$4.95 Standard Insured Shipping for USA orders below $50<\/li>\n\n<li>Free Standard Insured Shipping For all USA Orders when you buy more than $50!<\/li>\n\n<li>Most US based orders are shipped directly from our warehouse within 24-48 hrs for your convenience and maximum efficiency<\/li>\n\n<li>Your product will arrive within 7 to 10 Business Days<\/li>\n\n<li>All International (Non-US) orders incur a $9.95 shipping charge which are shipped via USPS and may take 2-3 weeks to arrive<\/li>\n<br>\n<p>Free Standard Insured Shipping For all International (Non-US) orders when you buy more than $100<\/p>\n<h3><span style=\"color: #ea9999;\"><strong>Return Policy<\/strong><\/span><\/h3>\n\n<li>We offer a 100% Satisfaction guarantee<br> -Please contact us for return requests.<\/li>\n\n<li>Return Policy Does Not Apply To Product Purchased with a Discount Code<\/li>\n<\/ul>","tab_three_title":"Why Buy From Us","tab_three_content":"<h3><span style=\"color: #ea9999;\"><strong>WE PROVIDE SUPPORT TO WOMEN! ALWAYS CARING, ALWAYS HERE!<\/strong><\/span><\/h3>\n\n<p align=\"justify\">Stickeebra is the world's new upcoming adhesive bra company and there are many great reasons to buy from us. We are a fast growing company because we always put the customers first. A customer-centered shopping experience has always been our goal and we pride ourselves in our comprehensive policies that have put us in a realm above and beyond our competitors. Shop with us today and see the Stickee difference!<\/p>\n<br>\n<h3><span style=\"color: #ea9999;\"><strong>A FEW REASONS WHY YOU SHOULD BUY FROM US: <\/strong><\/span><\/h3>\n<ul>\n<li><p align=\"\" justify>We use national fulfillment centers to ship your order. We have partnered with national fulfillment centers and have our products strategically placed in warehouses all over the United States. That means you will be receiving your awesome Stickeebra by one of the best online retailers in existence near you.<\/p><\/li>\n<li>Secured Ordering Available<\/li>\n<li>Lowest Pricing Available Online<\/li>\n<li>Brand new products as we replenish our stock quite frequently<\/li>\n<li>Courteous, knowledgable and professional support<\/li>\n<li>Tons of satisfied customers<\/li>\n<li>Quality product. You will love them.<\/li>\n<li>100% Satisfaction Money back guarantee<\/li>\n<li>All items in stock and ready to ship<\/li>\n<li>Everyone that uses our products, come back for more. We must be doing something right!<\/li>\n<\/ul>","use_tab_four":true,"tab_four_title":"Notify Me When In Stock","tab_four_content":"<h3><span style=\"color: #ea9999;\"><strong>>Size or Color You Want Out Of Stock? <\/strong><\/span><\/h3>><br>\n<br>\n<p>We apologize for the inconvenience caused. This is a period of high demand which led to this situation. Leave us your email and we will notify you when the stocks arrive.<\/p>\n<form id=\"email_signup\" class=\"klaviyo_styling klaviyo_standard_embed_KytKb2\" action=\"\/\/manage.kmail-lists.com\/subscriptions\/subscribe\" data-ajax-submit=\"\/\/manage.kmail-lists.com\/ajax\/subscriptions\/subscribe\" method=\"GET\" target=\"_blank\" novalidate=\"novalidate\">\n  <input type=\"hidden\" name=\"g\" value=\"KytKb2\">\n  <div class=\"klaviyo_field_group\">\n    <label for=\"k_id_email\">Email<\/label>\n    <input type=\"email\" value=\"\" name=\"email\" id=\"k_id_email\" placeholder=\"Your email\">\n  <\/div>\n  <div class=\"klaviyo_messages\">\n    <div class=\"success_message\" style=\"display:none;\"><\/div>\n    <div class=\"error_message\" style=\"display:none;\"><\/div>\n    <\/div>\n  <div class=\"klaviyo_form_actions\">\n    <button type=\"submit\" class=\"klaviyo_submit_button\">Subscribe<\/button>\n  <\/div>\n<\/form>\n<style type=\"text\/css\">\n.klaviyo_styling.klaviyo_standard_embed_KytKb2,\n.klaviyo_condensed_styling.klaviyo_standard_embed_KytKb2 {\n  font-family: \"Helvetica Neue\", Arial;\n}.klaviyo_styling.klaviyo_standard_embed_KytKb2 label,\n.klaviyo_condensed_styling.klaviyo_standard_embed_KytKb2 label {\n  color:#000000;\n}.klaviyo_styling.klaviyo_standard_embed_KytKb2 input[type=text],\n.klaviyo_styling.klaviyo_standard_embed_KytKb2 input[type=email],\n.klaviyo_condensed_styling.klaviyo_standard_embed_KytKb2 input[type=text],\n.klaviyo_condensed_styling.klaviyo_standard_embed_KytKb2 input[type=email] {\n  border-radius: 2px;\n}.klaviyo_styling.klaviyo_standard_embed_KytKb2 .klaviyo_submit_button,\n.klaviyo_condensed_styling.klaviyo_standard_embed_KytKb2 .klaviyo_submit_button {\n  background-color:#F25252;\n  border-radius: 2px;\n}.klaviyo_styling.klaviyo_standard_embed_KytKb2 .klaviyo_submit_button:hover,\n.klaviyo_condensed_styling.klaviyo_standard_embed_KytKb2 .klaviyo_submit_button:hover {\n  background-color:#F03434;\n}\n<\/style>\n<script type=\"text\/javascript\" src=\"\/\/www.klaviyo.com\/media\/js\/public\/klaviyo_subscribe.js\"><\/script>\n<script type=\"text\/javascript\">\n  KlaviyoSubscribe.attachToForms('#email_signup', {\n    hide_form_on_success: true\n  });\n<\/script>","use_tab_five":false,"tab_five_title":"","tab_five_content":"","use_cart_sidebar":true,"use_cart_top_image":true,"cart_top_image_alt":"Catelog","cart_top_image_URL":"\/collections\/stickybra","use_cart_bottom_image":true,"cart_bottom_image_alt":"Bottom Banner Image","cart_bottom_image_URL":"\/","cart_nav":"shopping-cart","use_cart_yotpo_carousel":true,"checkout_header_image":"shopify:\/\/shop_images\/checkout_bvanner.png","checkout_use_storefront_logo":false,"checkout_logo_image":"shopify:\/\/shop_images\/logo_check_out.png","checkout_logo_position":"center","checkout_logo_size":"large","checkout_body_background_image":"","checkout_body_background_color":"#fff","checkout_input_background_color_mode":"white","checkout_sidebar_background_image":"","checkout_sidebar_background_color":"#ffffff","checkout_heading_font":"Helvetica Neue","checkout_body_font":"Helvetica Neue","checkout_accent_color":"#a8a8a9","checkout_button_color":"#ef497b","checkout_error_color":"#ff6d6d","checkout_use_header_image":true,"checkout_logo":"checkout_logo.png","checkout_use_body_background_image":false,"checkout_use_sidebar_background_image":false,"use_home_full_width":true,"product_image_popup":"1","font_size":"20px","checkout_banner_background_color":"#ffffff","checkout_headline":"All Natural Handmade Skincare","checkout_call_to_action_color":"#7b9f5d","footer_slider_bg_color":"#ffffff","home_full_ad_alt":"BeeFriendly Organic Skincare","home_full_ad_URL":"http:\/\/www.beefriendlyskincare.com\/collections\/organic-skincare-products","use_home_ad_block":true,"home_50_ad_alt":"Organic Face and Eye Cream","home_50_ad_URL":"http:\/\/www.beefriendlyskincare.com\/products\/rejuvenating-face-and-eye-cream","home_25_ad_1_alt":"Organic Face and Eye Serum","home_25_ad_1_URL":"http:\/\/www.beefriendlyskincare.com\/products\/anti-aging-face-eye-serum","home_25_ad_2_alt":"Organic Body Cream","home_25_ad_2_URL":"http:\/\/www.beefriendlyskincare.com\/products\/moisturizing-body-cream","trio_ad_alt_5":"Trio ad 5","trio_ad_url_5":"\/collections\/5","trio_ad_alt_6":"Trio ad 6","trio_ad_url_6":"\/collections\/6","trio_ad_alt_7":"Trio ad 7","trio_ad_url_7":"\/collections\/7","trio_ad_alt_8":"Trio ad 8","trio_ad_url_8":"\/collections\/8","trio_ad_alt_9":"Trio ad 9","trio_ad_url_9":"\/collections\/9","use_collection_top_ad":false,"collection_top_ad_alt":"","collection_top_ad_URL":"","use_collection_bottom_ad":false,"collection_bottom_ad_alt":"","collection_bottom_ad_URL":"","use_cart_top_ad":false,"cart_top_ad_alt":"Top Banner Ad","cart_top_ad_URL":"http:\/\/www.beefriendlyskincare.com","use_cart_bottom_ad":true,"cart_bottom_ad_alt":"Bottom Banner Ad","cart_bottom_ad_URL":"\/","trio_ad_alt_1":"Trio ad 1","trio_ad_url_1":"\/collections\/1","trio_ad_alt_2":"Trio ad 2","trio_ad_url_2":"\/collections\/2","trio_ad_alt_3":"Trio ad 3","trio_ad_url_3":"\/collections\/3","trio_ad_alt_4":"Trio ad 4","trio_ad_url_4":"\/collections\/4","center_store_slogan":false,"utility_nav":"","show_collection_video_banner":false,"collection_video_banner_title":"adfadfaf","use_product_video_gallery":true,"product_video_gallery_title":"Latest Video Reviews","use_video_related_products":false,"video_related_products_title":"","footer_about":"For all general inquiries, please contact us <a href=\"http:\/\/www.beefriendlyskincare.com\/pages\/contact-us\">here<\/a>.","test":"","footer_social":true,"footer_brand_1_alt":"American Express","footer_brand_2_alt":"Mastercard","footer_brand_3_alt":"Visa","footer_brand_4_alt":"Discover","footer_brand_5_alt":"PayPal","footer_brand_6_alt":"Better Business Bureau","footer_brand_7_alt":"PayPal Verified","footer_brand_8_alt":"Authorized-net","footer_brand_9_alt":"UPS","footer_brand_10_alt":"FedEx","footer_brand_11_alt":"USPS","use_video_gallery_title":"What People Are Saying","show_product_video_banner":true,"product_video_banner_title":"Test Banner","col_car_1.jpg":"act-natural-acne-treatment","customer_layout":"theme","promo_main_image_link":"#","code_injection":"<!-- Google Tag Manager -->\r\n\r\n<script>(function(w,d,s,l,i){w[l]=w[l]||[];w[l].push({'gtm.start':\r\nnew Date().getTime(),event:'gtm.js'});var f=d.getElementsByTagName(s)[0],\r\nj=d.createElement(s),dl=l!='dataLayer'?'&l='+l:'';j.async=true;j.src=\r\n'\/\/www.googletagmanager.com\/gtm.js?id='+i+dl;f.parentNode.insertBefore(j,f);\r\n})(window,document,'script','dataLayer','GTM-MVXCL8');<\/script>\r\n<!-- End Google Tag Manager -->","use_disqus":"false","disqus_username":"","use_tab_three":"true","collection_filter_gneric_title":"Filter by Color:","caption_under_variants":"Ships Withing 24 Hours","filter_by_tag":"true","filter_by_price":"false","filter_by_general":"false","main_color":"#8b5b8e","main_text_color":"#000000","main_nav_cta_bg_color":"#7b9f5d","main_nav_cta_bg_hover_color":"#88af69","main_nav_cta_text_color":"#ffffff","text_color":"#ffcf54","heading_color":"#ff0000","link_visited_color":"","use_footer_logo":"false","footer_brand_12_alt":"","footer_image_gallery_image_1":"","footer_image_gallery_alt_1":"Image 1 Alt Text","footer_image_gallery_image_2":"","footer_image_gallery_alt_2":"Image 1 Alt Text","footer_image_gallery_image_3":"","footer_image_gallery_alt_3":"Image 3 Alt Text","footer_image_gallery_image_4":"","footer_image_gallery_alt_4":"Image 4 Alt Text","footer_image_gallery_image_5":"","footer_image_gallery_alt_5":"Image 5 Alt Text","footer_image_gallery_image_6":"","footer_image_gallery_alt_6":"Image 6 Alt Text","footer_image_gallery_image_7":"","footer_image_gallery_alt_7":"Image 7 Alt Text","footer_image_gallery_image_8":"","footer_image_gallery_alt_8":"Image 8 Alt Text","footer_image_gallery_image_9":"","footer_image_gallery_alt_9":"Image 9 Alt Text","footer_image_gallery_image_10":"","footer_image_gallery_alt_10":"Image 10 Alt Text","content_for_index":[]}}